"group","n","predicted","observed","cohort"
"[0.6004,0.6466]",92,0.642103611508368,0.989130434782609,"GBSG2"
"(0.6466,0.647]",68,0.647026890072232,1,"GBSG2"
"(0.647,0.6538]",60,0.65074351571862,0.983333333333333,"GBSG2"
"(0.6538,0.6562]",55,0.655286895248397,0.981818181818182,"GBSG2"
"(0.6562,0.7072]",124,0.688471046627576,0.983870967741935,"GBSG2"
"(0.7072,0.719]",42,0.717114841232105,1,"GBSG2"
"(0.719,0.7228]",44,0.721958587943259,0.931818181818182,"GBSG2"
"(0.7228,0.7246]",76,0.724395498512349,0.907894736842106,"GBSG2"
"(0.7246,0.7269]",76,0.726056940582771,0.986842105263158,"GBSG2"
"(0.7269,0.742]",49,0.740104779172077,1,"GBSG2"
"[0.598,0.599]",535,0.598666256607478,0.998130841121495,"GSE96058"
"(0.599,0.6]",185,0.600418507161616,1,"GSE96058"
"(0.6,0.601]",1931,0.601327471467017,0.997410668047644,"GSE96058"
"(0.601,0.604]",133,0.604333938825502,1,"GSE96058"
"(0.604,0.742]",285,0.65246394444469,1,"GSE96058"
"[0.7377,0.7408]",225,0.73959729178086,0.991011099161983,"NKI"
"(0.7408,0.7415]",94,0.741496572205135,1,"NKI"
