"time","event","risk_group"
140.5,0,"High"
84.63333333,0,"Low"
163.7,1,"Low"
164.9333333,0,"Low"
41.36666667,1,"High"
7.8,1,"High"
164.3333333,0,"Low"
99.53333333,1,"High"
36.56666667,1,"High"
36.26666667,1,"High"
132.0333333,1,"High"
163.5333333,0,"High"
164.9,0,"Low"
14.13333333,1,"High"
103.8333333,0,"Low"
75.33333333,0,"Low"
161.0666667,0,"High"
160.3,0,"Low"
62.86666667,0,"Low"
140.8666667,0,"Low"
153.9666667,0,"Low"
108.9333333,0,"High"
157.4333333,0,"Low"
103.1333333,0,"Low"
28.5,1,"High"
69.5,0,"Low"
86.06666667,1,"Low"
153.2,0,"Low"
49.76666667,1,"Low"
98.7,0,"High"
8.066666667,1,"High"
148.0333333,0,"Low"
140.7666667,1,"High"
85.33333333,0,"Low"
158.0333333,0,"High"
42.7,1,"High"
112.4,1,"High"
127.1,0,"Low"
39.16666667,1,"High"
43.16666667,0,"High"
13.4,0,"Low"
66.73333333,1,"Low"
122.2666667,0,"Low"
2.4,0,"Low"
95.86666667,1,"High"
29.06666667,1,"High"
152.2,0,"High"
138.9,0,"Low"
114.2333333,1,"High"
118.2,0,"Low"
1.266666667,0,"High"
127.6333333,0,"Low"
132.0666667,0,"Low"
137.8,0,"Low"
38.56666667,1,"High"
153.5666667,0,"Low"
66.63333333,1,"High"
151,0,"Low"
12.93333333,1,"High"
116.6333333,0,"Low"
88.2,0,"High"
150.5666667,0,"Low"
109.2,0,"Low"
147.9333333,0,"High"
12.4,0,"Low"
54.33333333,1,"High"
152.0666667,1,"High"
147.6666667,0,"Low"
122.1666667,1,"High"
51.76666667,1,"High"
1.766666667,0,"Low"
51.7,1,"High"
111.2,0,"High"
49.23333333,1,"High"
63.03333333,0,"High"
114.7666667,0,"Low"
59.8,0,"Low"
114.7666667,0,"High"
55.76666667,0,"Low"
98.1,1,"High"
10.83333333,0,"Low"
47.63333333,1,"High"
104.4,0,"Low"
43.1,1,"High"
122.7666667,0,"Low"
93.36666667,1,"High"
5.433333333,0,"Low"
138.1,0,"Low"
3.766666667,0,"High"
78.76666667,0,"Low"
72.36666667,0,"High"
113.4333333,0,"Low"
45.6,1,"High"
104.4666667,1,"High"
17.93333333,1,"High"
62.33333333,0,"Low"
85.96666667,0,"High"
109.0333333,0,"High"
31.3,1,"High"
9.066666667,1,"High"
15.3,1,"High"
144.6333333,0,"Low"
19,0,"Low"
91.6,0,"Low"
146,0,"High"
70.73333333,0,"Low"
144.7666667,0,"Low"
144.4,0,"Low"
130.8666667,1,"High"
125.7,0,"Low"
128.3666667,0,"Low"
58.76666667,1,"High"
24.3,1,"High"
144.4666667,0,"Low"
141.1666667,0,"High"
173.6333333,0,"Low"
82.36666667,0,"High"
44.8,1,"High"
146.9,0,"Low"
122.2,0,"High"
131.0666667,0,"Low"
39.83333333,1,"High"
20.2,1,"High"
81.33333333,1,"High"
176.7666667,0,"Low"
212.2,0,"Low"
57.63333333,0,"Low"
111.8666667,0,"Low"
10.83333333,1,"Low"
71.5,0,"Low"
207.6333333,0,"Low"
72.43333333,1,"High"
142.5666667,1,"Low"
205.0333333,0,"Low"
193.1666667,0,"High"
85.56666667,1,"Low"
73.13333333,1,"Low"
199.1,0,"Low"
149.7666667,0,"Low"
149.7333333,0,"Low"
185.6,0,"Low"
71,0,"Low"
188.3333333,0,"Low"
152.3,0,"High"
200.7,0,"Low"
91.73333333,1,"Low"
86.13333333,0,"Low"
90.23333333,1,"Low"
182.2666667,1,"Low"
43.1,1,"High"
189.1333333,0,"Low"
28.5,1,"High"
22.23333333,0,"Low"
337.0333333,0,"Low"
122,1,"High"
186.5333333,0,"High"
186.1,0,"Low"
5.833333333,1,"High"
192.2666667,1,"Low"
172.9,1,"Low"
194.2333333,0,"Low"
3.366666667,0,"High"
192.6,0,"Low"
94.73333333,1,"High"
63.8,1,"High"
71.6,1,"High"
199.5333333,0,"Low"
39.2,1,"Low"
49.43333333,1,"High"
64.36666667,0,"Low"
72.9,0,"Low"
164.5,0,"Low"
122.7,1,"High"
84.2,1,"High"
60.13333333,0,"Low"
111.5333333,1,"High"
63.5,1,"High"
42.96666667,1,"High"
177.3333333,0,"High"
183.2666667,0,"Low"
42.33333333,1,"High"
185.1666667,0,"High"
151.1666667,1,"High"
169.6,1,"Low"
184.7666667,0,"Low"
4.433333333,1,"High"
186.2,0,"Low"
182.9,0,"High"
151.6666667,1,"High"
40.7,1,"High"
63.73333333,0,"Low"
174.6333333,0,"Low"
50.53333333,1,"High"
144.9666667,1,"Low"
177.5333333,0,"High"
125.6,1,"Low"
170.6333333,1,"High"
26.73333333,1,"High"
164.7333333,0,"High"
173.9,1,"Low"
125.3333333,1,"Low"
91.13333333,1,"Low"
152.9333333,0,"Low"
72.66666667,0,"Low"
20.43333333,1,"High"
122.7,1,"High"
146.0333333,1,"High"
46.06666667,1,"High"
55.2,1,"High"
41.83333333,1,"High"
11.6,1,"High"
213.5,0,"Low"
32.86666667,0,"Low"
21.6,0,"Low"
132.5666667,1,"High"
15.06666667,1,"High"
47.03333333,1,"High"
89.9,1,"High"
176.6,0,"Low"
87.23333333,1,"High"
64.23333333,0,"Low"
142.4333333,0,"High"
61.9,1,"High"
144.3333333,0,"High"
93.5,1,"High"
131.1333333,0,"High"
62.76666667,1,"Low"
27,1,"High"
1.433333333,0,"High"
143.1666667,0,"High"
134.3666667,0,"Low"
97.3,1,"High"
135.6666667,0,"Low"
69.33333333,1,"High"
130.2,0,"Low"
136.4666667,0,"Low"
85.73333333,1,"High"
61.1,1,"High"
36.43333333,1,"High"
138.1333333,0,"High"
97.56666667,0,"Low"
96.96666667,0,"High"
142.4666667,0,"High"
38.13333333,1,"Low"
20.83333333,1,"High"
64.23333333,0,"Low"
29,1,"High"
60.66666667,0,"Low"
57.23333333,0,"Low"
43.2,1,"High"
137.1,1,"High"
22.46666667,1,"High"
26.26666667,1,"Low"
99.73333333,0,"Low"
63.5,0,"Low"
96.9,1,"High"
63,0,"Low"
139.1666667,0,"Low"
136.1666667,0,"Low"
140.0666667,0,"Low"
76.63333333,0,"High"
6.266666667,1,"Low"
102.0666667,0,"Low"
104.3,1,"High"
76.73333333,0,"Low"
93,1,"Low"
33.8,1,"High"
9.833333333,1,"High"
24.4,1,"High"
131.1,0,"Low"
116.1,0,"High"
55.93333333,0,"High"
74.46666667,1,"High"
85.13333333,0,"Low"
45.5,1,"High"
75.5,1,"High"
90.56666667,0,"High"
135.1666667,0,"Low"
112.1333333,0,"Low"
100.8333333,0,"Low"
103.4666667,1,"High"
45.03333333,0,"Low"
55.46666667,1,"High"
132.5333333,0,"Low"
72.26666667,0,"Low"
112.5666667,0,"Low"
50.06666667,0,"Low"
62.8,0,"Low"
43.13333333,1,"High"
46.83333333,1,"High"
99.33333333,0,"Low"
134.5,0,"Low"
35.6,1,"High"
114,1,"High"
132.7666667,0,"High"
120.5666667,1,"Low"
39.3,1,"High"
28.6,1,"High"
43.86666667,0,"Low"
105.6,1,"High"
129.6,1,"Low"
131.2666667,0,"Low"
88.23333333,0,"High"
107.4666667,0,"High"
111.1,1,"Low"
130.7,0,"Low"
130.4333333,0,"Low"
132.3,0,"High"
132.7666667,0,"Low"
94.56666667,0,"Low"
36.4,1,"High"
24.86666667,1,"High"
74.46666667,1,"Low"
82.63333333,0,"Low"
36.76666667,1,"High"
89.96666667,0,"Low"
86.9,0,"Low"
112.9333333,0,"Low"
90.56666667,0,"Low"
101.9666667,0,"High"
125.8,0,"Low"
81.13333333,1,"High"
36.63333333,1,"High"
71.8,1,"High"
130.9,0,"Low"
73.7,0,"Low"
67.46666667,0,"Low"
71.5,0,"Low"
82.1,0,"High"
101.2333333,0,"Low"
130.4666667,0,"High"
60.7,0,"Low"
45.8,1,"High"
23.8,0,"Low"
114.3333333,0,"Low"
115.3,0,"Low"
128.4,0,"Low"
61.7,0,"Low"
121.5333333,0,"Low"
117.0333333,0,"Low"
13.4,0,"Low"
114.4666667,0,"High"
61.9,0,"Low"
110.9666667,0,"High"
212.2,0,"Low"
80.83333333,0,"Low"
65.86666667,0,"Low"
139.6333333,1,"High"
109.8333333,1,"High"
193.9666667,0,"Low"
48.53333333,1,"High"
163.8666667,0,"Low"
143.1333333,1,"Low"
124.1,0,"Low"
199.1333333,0,"Low"
147.3666667,1,"High"
113.5666667,0,"Low"
24.1,1,"High"
194.5333333,0,"High"
174.2666667,0,"Low"
48.6,1,"High"
79.33333333,1,"Low"
41.16666667,1,"High"
132.3333333,1,"Low"
51.96666667,1,"Low"
68.06666667,1,"High"
85.73333333,1,"High"
97.83333333,1,"High"
161.7666667,0,"Low"
181.4666667,0,"Low"
59.5,1,"High"
272.2,0,"High"
149.8666667,0,"Low"
163.2,1,"Low"
119.8,0,"High"
128.5666667,0,"Low"
31,1,"High"
65.4,0,"Low"
110.1,0,"Low"
92.76666667,1,"Low"
79.36666667,1,"Low"
7.866666667,1,"High"
15.53333333,1,"High"
62.63333333,0,"High"
118.2,0,"Low"
115.7,1,"High"
77.23333333,1,"Low"
91.26666667,0,"Low"
119.7333333,0,"High"
125.8,0,"High"
72.46666667,1,"High"
119.4666667,1,"High"
34.66666667,1,"High"
44.23333333,0,"High"
107.1,1,"High"
113.2,1,"Low"
89.36666667,1,"High"
123.2666667,0,"Low"
111,0,"High"
29.66666667,1,"High"
121.9666667,0,"High"
114.6,0,"Low"
27.46666667,1,"High"
87.83333333,0,"Low"
63.96666667,1,"High"
98.7,1,"Low"
76.7,0,"High"
104.5333333,0,"High"
48.8,0,"High"
119.3333333,0,"Low"
34.76666667,0,"High"
29.03333333,1,"High"
92.96666667,1,"High"
101.9,0,"Low"
94.23333333,0,"Low"
112.8,0,"Low"
33.56666667,0,"Low"
111.0666667,0,"High"
64.03333333,0,"Low"
35.53333333,1,"High"
0.766666667,0,"High"
105.9666667,0,"High"
86.8,0,"Low"
47.43333333,1,"High"
56.5,0,"Low"
17.76666667,0,"High"
32.63333333,1,"High"
80.66666667,0,"Low"
103.7666667,1,"Low"
75.4,0,"Low"
61.33333333,0,"High"
102.5666667,0,"Low"
84.2,1,"High"
19.73333333,1,"High"
93.3,0,"Low"
15.16666667,1,"High"
61.43333333,0,"Low"
25.53333333,0,"High"
96.63333333,1,"High"
24.8,1,"High"
69.4,0,"High"
19.03333333,1,"High"
30.43333333,0,"Low"
97.26666667,0,"Low"
23.33333333,1,"High"
18.93333333,1,"High"
20,1,"High"
69.8,1,"Low"
55.36666667,0,"Low"
11.06666667,1,"High"
24.33333333,1,"High"
112.4,1,"High"
152.0666667,1,"High"
16.6,1,"High"
14.43333333,1,"High"
1.233333333,0,"Low"
42.36666667,1,"Low"
93.66666667,1,"High"
149.4,0,"High"
175.6333333,0,"Low"
43.1,1,"High"
30.96666667,1,"Low"
175.8,0,"Low"
136.1666667,0,"High"
144.7,1,"High"
63.86666667,1,"High"
59.7,1,"Low"
268.4333333,1,"High"
47.9,1,"Low"
220.9,1,"High"
285.4333333,0,"Low"
280.7,0,"Low"
163.4,0,"Low"
64.93333333,1,"High"
219.1666667,1,"Low"
89.1,1,"High"
89.1,1,"High"
128.5333333,0,"Low"
193.7,0,"Low"
279.1,0,"Low"
19.1,1,"High"
274.0333333,0,"High"
45.16666667,1,"High"
52.96666667,1,"High"
44.76666667,1,"High"
73.7,1,"Low"
177.2666667,0,"High"
163.7333333,0,"High"
133.2333333,1,"Low"
201.4666667,0,"Low"
234.4333333,1,"Low"
278.2666667,0,"Low"
251.6333333,0,"Low"
108.0666667,1,"High"
236.9333333,0,"Low"
51.4,1,"High"
133.7333333,0,"Low"
274.5,0,"Low"
24.9,1,"High"
275.6333333,0,"Low"
168.9666667,1,"Low"
234.3333333,1,"High"
97.76666667,1,"Low"
145.4333333,1,"Low"
81.93333333,1,"Low"
274.4,0,"High"
203.5333333,1,"High"
35,1,"High"
118.0333333,1,"Low"
275.6,0,"High"
270.1333333,1,"Low"
227.8666667,1,"High"
271.3333333,0,"Low"
160,0,"Low"
274.3666667,0,"Low"
44.83333333,1,"High"
150.7333333,1,"Low"
131.6666667,1,"High"
181.2333333,1,"Low"
275.2333333,0,"Low"
40.43333333,1,"Low"
68.26666667,1,"Low"
116.9333333,0,"Low"
271.9333333,0,"Low"
110.7666667,1,"Low"
267.2333333,0,"High"
272.1,0,"Low"
87.7,1,"Low"
252.9666667,0,"Low"
271.2666667,0,"High"
85.86666667,1,"High"
231.0333333,1,"Low"
257.5666667,0,"Low"
270.5666667,0,"Low"
254.6333333,0,"Low"
269.9,0,"Low"
235.6666667,0,"Low"
259.7666667,0,"Low"
153.8333333,1,"Low"
55.03333333,1,"Low"
270.3,0,"High"
269,0,"Low"
19.73333333,1,"High"
231.5333333,1,"High"
146.7333333,0,"High"
264.7666667,0,"Low"
149.7,1,"Low"
39.53333333,1,"High"
227.7333333,1,"Low"
43.2,1,"High"
9.433333333,1,"High"
159,1,"Low"
269.6333333,0,"Low"
270.4333333,0,"Low"
250.6666667,0,"Low"
141.5666667,1,"Low"
258.3333333,0,"Low"
269.3333333,0,"Low"
196.5666667,1,"High"
237.3666667,1,"High"
20.66666667,1,"High"
218.3,1,"Low"
125.6,1,"Low"
267.4,0,"High"
266.9333333,0,"Low"
31.93333333,1,"High"
240.0333333,1,"Low"
14.4,1,"High"
14.1,1,"High"
263.7,1,"Low"
262.8666667,1,"Low"
228.1,1,"Low"
108.4333333,0,"High"
161.9333333,1,"Low"
101.2666667,1,"High"
27.2,1,"High"
112,0,"Low"
263.3666667,0,"Low"
189.1,1,"Low"
30.13333333,1,"Low"
5.5,1,"Low"
262.1333333,0,"High"
222.2,1,"High"
227.8333333,1,"High"
9.6,1,"High"
265,0,"Low"
172.9,1,"High"
252.8666667,1,"Low"
264.2333333,0,"Low"
110.6,1,"Low"
180.8333333,1,"Low"
261.2,0,"Low"
260,0,"Low"
187.0333333,0,"High"
254.5,0,"Low"
191.2333333,0,"Low"
262,0,"High"
263.2333333,0,"Low"
140.5666667,1,"Low"
253.0666667,0,"Low"
15.7,1,"High"
114.9,1,"Low"
149.6,0,"Low"
238.3666667,0,"Low"
262.6333333,0,"Low"
258.8666667,0,"Low"
217.5666667,1,"Low"
256,0,"Low"
261.2,0,"Low"
42.56666667,1,"High"
35.63333333,1,"High"
250.1333333,0,"Low"
70.4,1,"High"
260.7333333,0,"Low"
98.83333333,0,"Low"
73.83333333,1,"High"
259.9666667,0,"Low"
255.1,1,"Low"
32.03333333,1,"High"
254.2666667,0,"High"
44.6,1,"High"
146.3666667,0,"High"
28.56666667,1,"High"
165.1666667,1,"Low"
259.5333333,0,"Low"
149.6,0,"Low"
81.1,1,"Low"
210.9666667,1,"Low"
256.5,0,"High"
152.3333333,1,"Low"
258.3333333,0,"Low"
28.73333333,1,"Low"
75.36666667,1,"Low"
252.3333333,0,"Low"
100.7333333,0,"Low"
131.3333333,1,"Low"
257.7666667,0,"Low"
167.4333333,0,"Low"
227.9333333,0,"Low"
221.2333333,0,"Low"
136.9333333,0,"High"
219.6666667,1,"Low"
178.1666667,1,"Low"
145.5,0,"High"
248.7666667,0,"Low"
23.93333333,1,"Low"
252,0,"Low"
236.1333333,0,"Low"
99.7,0,"Low"
55.83333333,1,"Low"
123.9,0,"Low"
51.2,1,"Low"
65.46666667,1,"High"
22.66666667,1,"High"
41.53333333,1,"Low"
32.93333333,1,"High"
217.7666667,0,"High"
158.5333333,1,"Low"
236.0666667,0,"Low"
242.5666667,0,"Low"
247,0,"High"
248.7666667,0,"Low"
243.9,0,"Low"
191.1333333,1,"Low"
37.96666667,1,"High"
148.7666667,1,"Low"
241.2666667,0,"Low"
227.8,1,"Low"
241.8666667,0,"Low"
109,0,"Low"
38.03333333,1,"Low"
26.76666667,1,"Low"
68.2,1,"Low"
10.86666667,1,"Low"
241.6,0,"Low"
179.4333333,0,"High"
241.2666667,0,"High"
87.53333333,1,"High"
113.8333333,1,"Low"
236.6333333,0,"Low"
136.2333333,0,"High"
23.2,1,"High"
55.63333333,1,"High"
228.6,1,"Low"
240.7,0,"High"
243.7666667,0,"Low"
226.7333333,0,"Low"
50.03333333,1,"Low"
138.3333333,0,"Low"
228.8,0,"High"
103.4666667,0,"Low"
243.5,0,"Low"
219.7666667,1,"High"
25.43333333,1,"High"
50.76666667,1,"High"
108.7666667,0,"High"
188.7333333,0,"Low"
240.4666667,0,"Low"
119.8666667,1,"Low"
32.83333333,1,"High"
241.4,0,"Low"
234.2333333,0,"Low"
234.1333333,1,"Low"
38.8,1,"High"
62.53333333,1,"High"
159.0666667,1,"High"
231.6666667,0,"Low"
237.1333333,0,"Low"
27.46666667,1,"High"
102.4,1,"Low"
118.1333333,1,"Low"
15.5,1,"High"
239.3,0,"High"
229.3333333,0,"Low"
240.8333333,0,"Low"
59.6,1,"Low"
236.7,0,"Low"
86.06666667,1,"Low"
113.6666667,0,"High"
112.9666667,1,"High"
86.23333333,1,"Low"
232.7333333,1,"Low"
234.5333333,1,"High"
38.03333333,1,"High"
236.0333333,0,"Low"
24.86666667,1,"High"
214.7,0,"Low"
110.6333333,0,"High"
235.4,0,"Low"
230.4666667,0,"Low"
38.8,1,"Low"
228.7666667,1,"High"
222.1,0,"Low"
228,0,"Low"
75.33333333,1,"Low"
92.73333333,1,"Low"
224.5666667,0,"Low"
126.4666667,1,"Low"
134.4666667,1,"Low"
287.2333333,0,"Low"
226.0666667,0,"Low"
72.3,0,"Low"
225.5,0,"Low"
99.23333333,0,"Low"
199.9666667,0,"Low"
225.5,0,"Low"
172.8,1,"Low"
186.4333333,0,"Low"
100.8666667,1,"High"
28.06666667,1,"High"
49.66666667,1,"High"
106.5666667,1,"High"
256.8666667,1,"Low"
188.3666667,0,"High"
44.73333333,1,"Low"
11.7,1,"High"
193.1666667,0,"High"
11.3,1,"High"
139.3,1,"High"
105.6666667,1,"High"
124.1,0,"Low"
15.2,1,"High"
298.0333333,1,"Low"
172,1,"Low"
351,1,"Low"
281.3666667,1,"Low"
67.8,1,"Low"
217.1,1,"Low"
258.1666667,1,"High"
114.5,1,"High"
147.8333333,1,"Low"
15.63333333,1,"High"
63.03333333,1,"High"
49.56666667,1,"Low"
184.7,1,"High"
160.3333333,1,"High"
330.3666667,0,"Low"
84.5,1,"High"
55.23333333,1,"Low"
65.5,1,"Low"
115.6,1,"Low"
36.36666667,1,"High"
253.5333333,1,"Low"
335.7333333,1,"High"
203.7,1,"High"
100.1666667,1,"Low"
178.4,0,"High"
163.2,1,"High"
33.9,1,"High"
98.7,1,"Low"
59.93333333,1,"High"
132.2,1,"Low"
244.2,1,"Low"
260.0333333,1,"Low"
34.1,0,"Low"
174.8333333,0,"Low"
96.83333333,1,"Low"
335.6,1,"Low"
219.1666667,1,"Low"
189.0333333,0,"Low"
89.03333333,1,"High"
234.7,1,"High"
265.5666667,1,"Low"
300.7,1,"Low"
177.9,0,"Low"
17.13333333,1,"High"
196.4666667,1,"Low"
87.23333333,1,"High"
199.2666667,1,"Low"
168.2666667,1,"Low"
235.5666667,1,"Low"
307.9333333,0,"Low"
207.9666667,1,"Low"
173.6,1,"High"
33.7,1,"High"
198.6,1,"High"
226.2,1,"High"
31.06666667,1,"High"
68.13333333,1,"High"
128.5333333,1,"Low"
15.36666667,1,"High"
114.0333333,1,"High"
11.86666667,1,"High"
267.2666667,0,"Low"
119.4666667,1,"High"
42.56666667,1,"Low"
291.1666667,0,"Low"
61.46666667,1,"Low"
164.3333333,1,"Low"
139.6,1,"Low"
83.36666667,1,"Low"
206.5666667,1,"High"
241.6,1,"Low"
16.7,1,"High"
307.6333333,0,"Low"
264.7666667,1,"High"
170.9,1,"Low"
148.1,1,"High"
296.8666667,0,"Low"
52.3,1,"Low"
126.4666667,1,"Low"
322.8333333,0,"Low"
279.8,0,"Low"
210.4333333,1,"High"
197.3333333,1,"Low"
41.16666667,1,"High"
140.2333333,0,"Low"
119.3666667,1,"High"
191.1666667,0,"Low"
56.26666667,1,"High"
122.8,1,"Low"
239.2333333,0,"Low"
121.7333333,0,"Low"
90.13333333,1,"High"
267.4,0,"Low"
271.8666667,0,"High"
282.8333333,1,"High"
292.0333333,1,"Low"
143,1,"Low"
186.6333333,1,"High"
318.2,0,"Low"
109.6,1,"High"
119,1,"Low"
200.6,0,"High"
148.5666667,1,"Low"
285.7,1,"Low"
41.46666667,1,"High"
90,1,"Low"
168.5333333,1,"High"
16.83333333,1,"Low"
30.3,1,"High"
48.13333333,1,"Low"
64.3,1,"High"
99,1,"Low"
39.86666667,1,"High"
234.2333333,0,"High"
239.3333333,0,"High"
260.2,0,"Low"
111.5666667,1,"High"
295.3333333,1,"High"
119.4666667,1,"High"
67.8,1,"Low"
34.7,1,"Low"
220.9333333,1,"Low"
87,1,"Low"
81.06666667,1,"High"
263.0333333,0,"Low"
292.6666667,1,"High"
139.5333333,1,"High"
43.3,1,"High"
48.43333333,1,"High"
74.1,1,"High"
85.3,1,"High"
282.5666667,1,"Low"
107.2666667,1,"Low"
198.3,0,"High"
21.3,1,"Low"
255.2666667,0,"High"
170.6666667,1,"Low"
127.5333333,0,"Low"
300.8666667,0,"High"
64,1,"High"
213.1,1,"Low"
55.66666667,1,"High"
221.2,0,"High"
227.9,1,"High"
146.7666667,0,"Low"
57.66666667,0,"High"
31.46666667,1,"High"
249.5333333,1,"Low"
83.66666667,1,"High"
35.23333333,1,"High"
76.13333333,1,"Low"
42.9,1,"Low"
198.3333333,1,"Low"
81.56666667,1,"High"
23.73333333,1,"High"
211.9666667,0,"High"
146.0666667,0,"High"
98.76666667,1,"High"
28,1,"High"
131.3,1,"Low"
44.86666667,1,"High"
149.8666667,0,"High"
19.73333333,1,"High"
297.8,0,"Low"
122.2,0,"Low"
176.0666667,0,"Low"
161.6666667,1,"Low"
56.5,1,"Low"
230.1666667,0,"Low"
153,1,"Low"
42.66666667,1,"High"
244.4333333,0,"Low"
51.46666667,1,"High"
37.73333333,1,"High"
125.2666667,1,"Low"
27.4,1,"High"
211.9333333,0,"Low"
252.1,0,"High"
102.1,0,"High"
245.5,0,"Low"
47.13333333,1,"High"
21.7,1,"High"
152.0666667,1,"High"
297.2333333,0,"Low"
206.1333333,1,"High"
101.5666667,0,"Low"
145.7333333,1,"High"
121.6666667,1,"High"
81.06666667,1,"Low"
70.46666667,1,"Low"
173.8333333,1,"High"
40.63333333,1,"High"
83.36666667,1,"High"
128.2666667,0,"Low"
99.36666667,1,"High"
257.1666667,0,"Low"
110.9333333,1,"Low"
130.3666667,1,"Low"
43.9,1,"High"
129.8,1,"Low"
201.7666667,1,"Low"
286.0666667,0,"Low"
73.46666667,1,"Low"
76.23333333,1,"High"
91.63333333,1,"High"
214.4333333,1,"Low"
45.7,1,"High"
42.5,1,"High"
141.7333333,1,"Low"
36.16666667,1,"Low"
23.43333333,1,"Low"
200.7666667,1,"High"
101.6333333,1,"Low"
45.33333333,1,"High"
90.26666667,1,"High"
41.46666667,1,"High"
129.3333333,1,"High"
157.8,1,"High"
234.6,0,"Low"
187.3,0,"Low"
229.9,0,"High"
224.3,0,"Low"
221.9,0,"Low"
29.3,1,"Low"
229.0666667,0,"Low"
39.8,1,"High"
157.1,0,"Low"
117.6666667,1,"High"
150.6,1,"Low"
22.46666667,1,"High"
79.96666667,1,"Low"
210.9666667,0,"High"
274.2,0,"High"
266.1,1,"High"
268.9,0,"Low"
48.16666667,1,"High"
35.4,1,"High"
230.5,0,"High"
176.7,0,"High"
232.4,0,"Low"
64.86666667,1,"High"
197.4333333,0,"Low"
117.9,1,"Low"
275.7333333,0,"Low"
224.6,0,"Low"
233.8666667,1,"Low"
47.9,1,"High"
31.43333333,1,"High"
50,1,"High"
102.7666667,1,"High"
220.0333333,0,"High"
40,1,"High"
58.43333333,0,"High"
30.36666667,1,"High"
272.9,0,"Low"
70.23333333,0,"High"
194.2,0,"High"
77.23333333,1,"Low"
70.6,1,"Low"
58.63333333,1,"Low"
124.1333333,1,"High"
237.2666667,1,"High"
20.13333333,1,"High"
216.9666667,0,"High"
150.6,1,"High"
184.4,0,"High"
69.3,1,"High"
197.6666667,1,"High"
117.5666667,1,"Low"
219.4666667,0,"Low"
197.8333333,1,"Low"
263.6,1,"Low"
49.3,1,"Low"
130.7,1,"Low"
78.7,0,"Low"
198.1,1,"High"
88.8,1,"High"
176.1,1,"High"
224.1,1,"High"
216.7333333,1,"High"
180.7666667,1,"Low"
19.16666667,1,"High"
79.8,1,"Low"
221.7666667,1,"High"
126.8666667,0,"High"
165.3666667,0,"High"
75.23333333,1,"High"
174.1333333,1,"High"
99.76666667,1,"Low"
65.56666667,1,"High"
187.9333333,0,"Low"
81.8,1,"High"
216.7333333,0,"Low"
223.3,0,"High"
80.5,1,"High"
251.2,1,"High"
213.3666667,0,"High"
252.3,1,"Low"
144.9333333,0,"High"
108.6,1,"Low"
37.8,1,"Low"
84.83333333,1,"Low"
189.8666667,0,"Low"
52.73333333,1,"Low"
213.2,1,"Low"
62.13333333,1,"High"
79.16666667,1,"High"
173.9333333,0,"Low"
128.3666667,1,"High"
139.4333333,0,"Low"
168.3,1,"High"
86.36666667,1,"Low"
255.3,0,"Low"
184.3333333,0,"Low"
34.56666667,1,"High"
150.6,1,"High"
187.7,0,"Low"
56.33333333,1,"Low"
178.7333333,1,"High"
257.6333333,0,"Low"
150.1,1,"High"
39.43333333,0,"High"
168.2666667,0,"High"
215.1666667,0,"Low"
91.5,0,"High"
184.8,0,"High"
94.7,0,"Low"
182.5,0,"High"
213.9,0,"High"
50.23333333,1,"High"
221.6,1,"High"
87.1,1,"Low"
199.9333333,0,"High"
58,1,"Low"
198.1,1,"Low"
199.3666667,1,"Low"
174.5666667,1,"High"
142.4333333,1,"High"
61.6,0,"Low"
19.9,1,"High"
34.33333333,1,"High"
30.36666667,1,"High"
204.4333333,1,"Low"
82.63333333,1,"Low"
175.6333333,0,"Low"
15.36666667,1,"High"
77.4,0,"High"
71.76666667,1,"High"
209.2666667,0,"Low"
211.7333333,0,"High"
59.76666667,0,"High"
27.8,1,"High"
114.9,1,"High"
90.3,1,"High"
124.2,1,"High"
27.3,1,"High"
191.4666667,1,"Low"
255,1,"Low"
196.5333333,0,"Low"
37.36666667,1,"High"
37,1,"High"
89.96666667,1,"High"
127.9333333,1,"High"
213.0333333,0,"Low"
159.2333333,1,"High"
20.26666667,0,"Low"
245.2333333,1,"High"
110.8333333,1,"High"
115.9333333,1,"High"
170.8333333,0,"Low"
18.23333333,1,"High"
87.73333333,1,"High"
175.3333333,0,"Low"
164.3333333,0,"Low"
212.2,1,"High"
80.5,0,"Low"
80.73333333,1,"High"
51.96666667,1,"Low"
185,1,"Low"
184.2666667,0,"High"
22.13333333,1,"High"
112.6333333,1,"Low"
184.3333333,0,"High"
246.6,1,"High"
134.2666667,1,"Low"
118.5333333,1,"High"
89.33333333,1,"High"
77.46666667,1,"Low"
19.4,1,"Low"
111.9666667,1,"High"
242.5666667,0,"High"
142.1666667,1,"Low"
54.26666667,1,"High"
196.8666667,1,"Low"
94.03333333,1,"Low"
223.8333333,1,"Low"
204.4,0,"High"
52.3,1,"High"
96.96666667,1,"High"
185.3,0,"Low"
205.7333333,0,"High"
151.9,0,"High"
175.1,1,"High"
247.8333333,1,"Low"
179.1,1,"High"
43.4,1,"High"
107.3666667,1,"High"
118.7,1,"High"
254.9666667,0,"Low"
131.3,1,"Low"
111.8333333,1,"High"
144.6666667,1,"Low"
99.4,1,"High"
43.26666667,1,"High"
200.6,0,"High"
187.0333333,1,"High"
180.7333333,1,"Low"
33.96666667,1,"High"
176.5,0,"Low"
211.2,1,"High"
209.0333333,1,"Low"
204.2,1,"High"
166.6666667,0,"High"
44.13333333,1,"High"
192.1333333,0,"High"
103.8333333,1,"Low"
38.43333333,1,"Low"
216.8666667,1,"Low"
102.0666667,1,"Low"
108.0666667,1,"Low"
101.0666667,1,"High"
46.16666667,1,"High"
202.1,1,"High"
116.4666667,1,"Low"
199.3,0,"Low"
83.63333333,1,"High"
71.06666667,1,"Low"
186.1333333,0,"Low"
187.8333333,1,"Low"
167.5,0,"High"
201.9333333,1,"Low"
60.86666667,1,"Low"
221.0666667,1,"Low"
68.76666667,1,"High"
77.86666667,1,"Low"
79.3,0,"High"
65.33333333,1,"Low"
124,1,"High"
128.4,1,"High"
36.93333333,1,"High"
153.5333333,0,"High"
48.43333333,1,"High"
208.9666667,1,"Low"
195.9333333,0,"High"
75.7,1,"Low"
13.8,1,"High"
84.9,1,"High"
16.7,1,"High"
190.1666667,0,"Low"
149.4333333,1,"Low"
159.7333333,0,"Low"
104.7666667,1,"High"
153.3,1,"High"
57.66666667,1,"High"
37.9,1,"High"
43.03333333,1,"High"
53.63333333,1,"High"
14.16666667,1,"High"
102.3,1,"High"
226.0666667,0,"High"
190.1,1,"Low"
96.2,1,"Low"
163.5333333,0,"High"
14.2,1,"High"
45.73333333,1,"High"
114.5333333,1,"High"
124.1333333,1,"Low"
98.83333333,1,"High"
85.4,1,"High"
25.23333333,1,"Low"
51.66666667,1,"Low"
195.8666667,0,"High"
250.8333333,0,"Low"
216.0333333,1,"Low"
194.3,0,"High"
211.9,1,"Low"
169.6666667,0,"Low"
53.63333333,1,"High"
202.1,0,"High"
28.83333333,1,"High"
161.1333333,1,"Low"
15.36666667,1,"High"
125.7666667,1,"Low"
23.03333333,1,"High"
243.1666667,0,"High"
100.1333333,1,"High"
39.3,1,"High"
119.3,1,"Low"
2.533333333,0,"High"
102,1,"High"
12.26666667,1,"High"
201.8333333,1,"High"
116.2333333,1,"Low"
113.6666667,1,"High"
71.16666667,1,"Low"
192.2,0,"High"
146.9333333,1,"High"
124.7666667,1,"Low"
30.93333333,1,"High"
237.2666667,0,"Low"
154,1,"High"
165.1666667,0,"High"
165.6666667,0,"High"
172.8666667,1,"Low"
213,0,"High"
70.16666667,0,"High"
107.7666667,1,"High"
95.73333333,1,"High"
74.73333333,1,"High"
117.6,0,"Low"
205.6,0,"Low"
101.4,0,"High"
198.1333333,0,"Low"
202.7666667,0,"Low"
26,1,"High"
220.2333333,0,"Low"
140.6,1,"Low"
107.0666667,0,"High"
207.1666667,0,"Low"
193.9,0,"High"
194.5666667,0,"High"
46.06666667,1,"Low"
83.53333333,1,"High"
49.46666667,1,"High"
34.63333333,1,"High"
155.7333333,1,"High"
150.4666667,0,"Low"
30.7,1,"High"
15.86666667,1,"Low"
98.5,1,"Low"
176.3666667,1,"Low"
45.16666667,1,"Low"
196.6333333,0,"Low"
9.7,1,"High"
205.8,0,"Low"
240.4333333,0,"Low"
162.8333333,1,"Low"
190.2,0,"Low"
189.9,0,"Low"
16.16666667,1,"Low"
57.3,1,"High"
50.66666667,1,"High"
61.8,1,"High"
164.5666667,1,"Low"
183.4333333,0,"Low"
90.8,1,"Low"
18.8,1,"High"
99.36666667,0,"Low"
185.7666667,0,"High"
19.56666667,1,"High"
125.9,1,"Low"
226.7,0,"High"
2.533333333,1,"High"
110.4666667,0,"Low"
34.3,1,"High"
46.36666667,1,"Low"
17.66666667,1,"High"
42.43333333,1,"High"
238.5,0,"Low"
31.8,1,"High"
123.3,1,"High"
216.9666667,0,"Low"
51.2,1,"Low"
65.83333333,1,"Low"
23.36666667,1,"High"
57.23333333,1,"High"
228.8,0,"Low"
237.5,0,"High"
225.1666667,0,"High"
123.7333333,0,"Low"
189.7333333,0,"Low"
164.6,1,"High"
103.1,1,"Low"
158.9666667,0,"Low"
36.63333333,1,"High"
182.9,0,"Low"
30.86666667,1,"High"
169.2333333,1,"Low"
16.3,1,"High"
124.8,0,"High"
2,0,"Low"
151.0666667,0,"Low"
180.5666667,0,"High"
14.8,1,"High"
185.9333333,0,"Low"
183.9666667,0,"High"
79.86666667,1,"High"
158.0333333,0,"High"
79.1,1,"High"
120.1333333,1,"Low"
48.43333333,1,"High"
200.1333333,0,"Low"
34.43333333,1,"High"
98.56666667,0,"Low"
25.33333333,0,"High"
88.93333333,1,"Low"
171.3,1,"High"
182.2333333,0,"High"
154.5,1,"Low"
229.8333333,0,"Low"
225.4,0,"Low"
25.03333333,0,"High"
18.83333333,1,"Low"
186.6,0,"Low"
102.9666667,1,"High"
117.6666667,1,"High"
194.1,1,"Low"
234.4,0,"High"
178.5666667,1,"High"
153.8666667,1,"High"
178.6333333,0,"Low"
117.6666667,1,"Low"
194,0,"High"
55.4,1,"High"
90.6,1,"Low"
71.63333333,1,"High"
222.3333333,0,"Low"
111.3666667,0,"Low"
91.1,1,"High"
81.13333333,1,"High"
185.1333333,0,"High"
17.83333333,0,"Low"
155.3666667,1,"Low"
26.33333333,1,"High"
92.5,1,"High"
167.9333333,1,"High"
32.73333333,1,"Low"
224.8666667,0,"Low"
214.8,1,"Low"
224.4333333,0,"High"
171.6333333,1,"High"
145.6333333,0,"High"
123.7,0,"Low"
212.3666667,1,"Low"
116.4333333,1,"Low"
180.6333333,0,"High"
128.2,1,"High"
42.06666667,1,"High"
182.9333333,0,"Low"
137.8,1,"Low"
136,0,"Low"
82.96666667,0,"High"
103.8,1,"Low"
38.16666667,1,"High"
35.03333333,1,"High"
62.9,1,"High"
21.06666667,1,"Low"
195.7,1,"Low"
172.3,0,"Low"
181.8666667,0,"High"
156.8,1,"Low"
22.23333333,1,"High"
167.1,1,"Low"
30.8,1,"High"
21,1,"High"
104.6666667,1,"High"
194.6,0,"Low"
173.0333333,1,"Low"
191.8,0,"High"
126.4,1,"High"
135.3,1,"High"
63.56666667,1,"High"
70.53333333,1,"High"
69.1,1,"High"
218.2333333,0,"High"
144.4333333,1,"Low"
191.9333333,1,"Low"
143.5333333,1,"High"
70.9,1,"Low"
143.1666667,1,"Low"
13.53333333,1,"Low"
52.06666667,1,"High"
232.9666667,0,"Low"
252.2666667,1,"Low"
49.73333333,1,"High"
278.3666667,1,"Low"
145.3666667,1,"High"
287.9333333,0,"Low"
73.13333333,1,"Low"
263.4333333,0,"Low"
219.1,1,"Low"
37.86666667,1,"High"
168.2,1,"Low"
264.2333333,0,"Low"
192.2,0,"Low"
186.8333333,1,"Low"
255.3666667,0,"Low"
250.8,0,"Low"
200.4333333,0,"High"
22.66666667,1,"High"
278.4666667,0,"Low"
38.03333333,1,"Low"
282.3666667,0,"Low"
15.6,1,"High"
188.5333333,1,"Low"
258.1333333,1,"High"
57.4,1,"High"
182.3333333,1,"High"
170.2666667,1,"High"
54.1,1,"High"
102.5,1,"High"
164.0333333,1,"High"
23.9,0,"High"
2.3,1,"High"
159.7,1,"High"
10.63333333,1,"High"
10.06666667,1,"High"
77.5,1,"High"
192.2,1,"Low"
193.9666667,0,"Low"
124.5666667,1,"Low"
66.83333333,0,"High"
193.1333333,0,"Low"
264.6,0,"Low"
260.2,0,"Low"
115.6333333,1,"High"
153.9,1,"Low"
257.6666667,0,"High"
61.8,1,"High"
78.6,1,"High"
25.63333333,1,"High"
255.6,0,"High"
254.9333333,0,"High"
34.33333333,1,"Low"
89.6,1,"Low"
238.0666667,1,"Low"
74.93333333,1,"Low"
77.66666667,1,"Low"
228.9,0,"High"
195.3,0,"High"
58.93333333,1,"Low"
15.86666667,1,"High"
88.66666667,1,"Low"
205.9,0,"High"
122.8,1,"High"
225.7,1,"High"
84.73333333,1,"Low"
220.3,0,"Low"
33.13333333,1,"High"
58.46666667,1,"Low"
54.93333333,1,"High"
208.8,0,"Low"
79.13333333,1,"High"
185.7,1,"High"
197.7333333,1,"Low"
37.76666667,1,"Low"
23.76666667,0,"High"
240.2,0,"Low"
24.63333333,1,"High"
42.63333333,1,"High"
52.46666667,1,"High"
202.2333333,0,"High"
30.06666667,1,"High"
222.7,1,"High"
56.76666667,1,"Low"
118.3,1,"High"
221.2,0,"Low"
42.3,1,"High"
224.2333333,0,"Low"
174.5,1,"High"
147.7666667,1,"Low"
221.9333333,0,"Low"
35.46666667,1,"High"
117.8666667,0,"High"
35.36666667,1,"Low"
200.1,0,"High"
0.1,1,"High"
72.56666667,1,"High"
85,1,"Low"
201.1666667,0,"High"
105.2,1,"High"
172.9666667,1,"High"
200.3333333,0,"Low"
165.4333333,0,"High"
177.6333333,0,"Low"
52.9,1,"High"
182.8333333,0,"High"
14.7,1,"High"
194.3666667,0,"Low"
60.9,1,"Low"
127.8333333,1,"Low"
91,0,"Low"
75.86666667,0,"High"
157.7333333,0,"Low"
189.4333333,0,"Low"
27.86666667,1,"High"
3.5,1,"High"
92.4,1,"High"
88.33333333,1,"Low"
49.53333333,1,"High"
35.2,1,"Low"
100.3,1,"High"
170.8666667,0,"Low"
63.83333333,1,"Low"
125.8666667,1,"High"
89.53333333,1,"High"
64.6,1,"Low"
151.9333333,1,"High"
162.7666667,0,"High"
134.8333333,0,"High"
29.23333333,1,"High"
109.2333333,1,"High"
154.7,0,"Low"
80.36666667,1,"High"
18.26666667,1,"High"
126.6666667,0,"Low"
81.5,1,"High"
140.3333333,0,"Low"
128.1,0,"Low"
17.2,1,"High"
110.8666667,1,"High"
152.9333333,1,"High"
281.5,0,"Low"
37.86666667,1,"Low"
85.03333333,1,"High"
16.7,1,"High"
97.4,0,"High"
102.7,0,"High"
57.93333333,0,"High"
91.23333333,1,"Low"
50.46666667,0,"High"
45.33333333,0,"High"
109.9333333,0,"Low"
58.6,0,"Low"
50.9,1,"High"
54.76666667,1,"High"
74.03333333,0,"Low"
70.06666667,1,"Low"
19.83333333,1,"High"
46.43333333,0,"Low"
68.7,0,"High"
78.16666667,0,"Low"
135.3333333,0,"Low"
86.53333333,1,"High"
80.73333333,1,"High"
71.63333333,1,"High"
85.5,0,"Low"
27.96666667,1,"High"
70.26666667,0,"Low"
80.23333333,0,"High"
111.7,1,"Low"
36.96666667,1,"High"
89.8,0,"Low"
76.86666667,0,"Low"
31.33333333,1,"High"
85.36666667,0,"High"
71.46666667,0,"High"
75.1,0,"Low"
32.06666667,1,"High"
120.4333333,0,"High"
86.4,0,"Low"
81.03333333,0,"Low"
49.2,1,"High"
71.83333333,0,"High"
88.5,0,"Low"
91.53333333,0,"High"
86.83333333,0,"High"
94.93333333,1,"High"
146.4,1,"High"
88.46666667,0,"Low"
102.0333333,0,"Low"
65.13333333,1,"Low"
85.93333333,1,"High"
106.1333333,0,"Low"
122.1333333,0,"Low"
30.43333333,1,"High"
9.133333333,1,"Low"
117,0,"High"
43.83333333,1,"High"
119.3333333,0,"High"
112.6666667,1,"High"
96.76666667,1,"High"
95.86666667,0,"Low"
86.6,0,"High"
107.8666667,0,"Low"
89.76666667,0,"Low"
105,0,"High"
98.46666667,0,"Low"
114.6,0,"High"
108.0666667,0,"High"
102.0666667,0,"High"
52.33333333,1,"High"
137.9333333,1,"High"
108.1666667,0,"Low"
111.6333333,0,"Low"
142.6666667,1,"Low"
101.2666667,0,"Low"
4.166666667,1,"High"
91.06666667,0,"Low"
91.23333333,0,"Low"
140.2333333,0,"High"
98.26666667,0,"Low"
105.4666667,0,"Low"
116.5333333,0,"High"
110.1,0,"Low"
123.5333333,0,"High"
5.066666667,1,"High"
123.5333333,0,"High"
118.9,0,"Low"
109.7666667,0,"High"
110.2666667,0,"Low"
122.4,0,"Low"
125.8333333,1,"Low"
113.3666667,0,"Low"
115.6333333,0,"High"
124,0,"Low"
163.1666667,1,"High"
156.3333333,1,"Low"
124.2666667,0,"Low"
104.1,1,"Low"
122.8333333,1,"Low"
37.5,1,"High"
56.93333333,1,"High"
117.5333333,0,"High"
30.16666667,1,"Low"
64.7,1,"Low"
136.7,1,"Low"
123.2666667,0,"Low"
141.7333333,1,"High"
33.36666667,1,"High"
140.5666667,0,"High"
128.3666667,0,"Low"
88.83333333,1,"High"
29.9,1,"High"
137.6666667,0,"Low"
139.6,0,"High"
60.26666667,1,"Low"
102.9666667,1,"High"
134.7333333,0,"Low"
131.6,0,"High"
23.83333333,1,"High"
26.73333333,1,"High"
123,1,"High"
90.8,1,"High"
138.5666667,0,"High"
175.9,1,"Low"
186.3666667,0,"High"
102.6333333,1,"Low"
138.3333333,0,"Low"
168.6,1,"Low"
44.63333333,1,"High"
128.9666667,0,"High"
144.4333333,0,"Low"
195.8,1,"High"
142.8,0,"High"
108.4666667,1,"High"
149.7666667,0,"Low"
219.6333333,0,"Low"
46.43333333,1,"High"
21.93333333,1,"High"
148.0666667,0,"Low"
121.5333333,0,"Low"
140.2,0,"Low"
52.63333333,1,"High"
211.4,0,"Low"
147.1666667,0,"High"
141.0333333,0,"Low"
150.5,0,"Low"
155.4,0,"Low"
160.4,1,"Low"
149.3,0,"Low"
63.53333333,1,"High"
140.7666667,0,"High"
194.4,1,"Low"
157.5333333,0,"Low"
49.46666667,1,"Low"
125.0333333,1,"High"
4.866666667,0,"Low"
146.8333333,1,"Low"
143.6,1,"Low"
87.46666667,1,"High"
46.66666667,1,"High"
80.43333333,1,"High"
107.1,1,"Low"
187.8666667,1,"High"
16.73333333,1,"High"
76,1,"High"
97.6,1,"High"
163.4333333,0,"High"
166.0333333,0,"High"
45.93333333,1,"High"
52.5,1,"Low"
208.9666667,1,"Low"
207.4666667,1,"High"
165.4333333,0,"Low"
165.2,0,"Low"
183.2,1,"High"
55,1,"High"
53.36666667,1,"High"
63.2,1,"High"
239.1666667,0,"Low"
111.6,1,"Low"
182.6,0,"Low"
177.6,0,"Low"
222.0333333,1,"High"
222.2,0,"Low"
170.8,0,"Low"
201.4666667,1,"Low"
23.93333333,1,"High"
23.26666667,1,"High"
171.1,0,"Low"
148.8,1,"High"
184.1666667,0,"Low"
51,1,"High"
21.56666667,1,"High"
35.7,1,"High"
59.96666667,1,"High"
192.2,0,"Low"
34.7,1,"High"
15.06666667,1,"High"
31.16666667,0,"High"
104.0333333,1,"High"
164.9666667,1,"Low"
42.96666667,1,"High"
68.16666667,1,"Low"
195.3666667,1,"High"
227.4666667,0,"Low"
21.16666667,1,"High"
175.1666667,0,"Low"
208.2,0,"Low"
44.4,1,"High"
185.3333333,0,"Low"
187.0333333,0,"Low"
241.3,1,"High"
21.3,1,"High"
195.5333333,0,"Low"
49.53333333,1,"High"
28.86666667,1,"High"
203,1,"Low"
109,1,"Low"
158.6333333,1,"High"
96.96666667,1,"High"
27.06666667,1,"High"
126.6666667,1,"Low"
6.833333333,1,"High"
78.46666667,1,"Low"
199.2333333,0,"Low"
82.73333333,1,"Low"
196.8666667,0,"Low"
44.73333333,1,"Low"
175.9666667,1,"High"
86.23333333,1,"High"
201.9,1,"Low"
